id,label
00000.png,cat
00001.png,cat
00002.png,cat
00003.png,cat
00004.png,cat
00005.png,cat
00006.png,cat
00007.png,cat
00008.png,cat
00009.png,cat
00010.png,cat
00011.png,cat
00012.png,cat
00013.png,cat
00014.png,cat
00015.png,cat
00016.png,cat
00017.png,cat
00018.png,cat
00019.png,cat
00020.png,cat
00021.png,cat
00022.png,cat
00023.png,cat
00024.png,cat
00025.png,cat
00026.png,cat
00027.png,cat
00028.png,cat
00029.png,cat
00030.png,cat
00031.png,cat
00032.png,cat
00033.png,cat
00034.png,cat
00035.png,cat
00036.png,cat
00037.png,cat
00038.png,cat
00039.png,cat
00040.png,cat
00041.png,cat
00042.png,cat
00043.png,cat
00044.png,cat
00045.png,cat
00046.png,cat
00047.png,cat
00048.png,cat
00049.png,cat
00050.png,cat
00051.png,cat
00052.png,cat
00053.png,cat
00054.png,cat
00055.png,cat
00056.png,cat
00057.png,cat
00058.png,cat
00059.png,cat
00060.png,cat
00061.png,cat
00062.png,cat
00063.png,cat
00064.png,cat
00065.png,cat
00066.png,cat
00067.png,cat
00068.png,cat
00069.png,cat
00070.png,cat
00071.png,cat
00072.png,cat
00073.png,cat
00074.png,cat
00075.png,cat
00076.png,cat
00077.png,cat
00078.png,cat
00079.png,cat
00080.png,cat
00081.png,cat
00082.png,cat
00083.png,cat
00084.png,cat
00085.png,cat
00086.png,cat
00087.png,cat
00088.png,cat
00089.png,cat
00090.png,cat
00091.png,cat
00092.png,cat
00093.png,cat
00094.png,cat
00095.png,cat
00096.png,cat
00097.png,cat
00098.png,cat
00099.png,cat
00100.png,cat
00101.png,cat
00102.png,cat
00103.png,cat
00104.png,cat
00105.png,cat
00106.png,cat
00107.png,cat
00108.png,cat
00109.png,cat
00110.png,cat
00111.png,cat
00112.png,cat
00113.png,cat
00114.png,cat
00115.png,cat
00116.png,cat
00117.png,cat
00118.png,cat
00119.png,cat
00120.png,cat
00121.png,cat
00122.png,cat
00123.png,cat
00124.png,cat
00125.png,cat
00126.png,cat
00127.png,cat
00128.png,cat
00129.png,cat
00130.png,cat
00131.png,cat
00132.png,cat
00133.png,cat
00134.png,cat
00135.png,cat
00136.png,cat
00137.png,cat
00138.png,cat
00139.png,cat
00140.png,cat
00141.png,cat
00142.png,cat
00143.png,cat
00144.png,cat
00145.png,cat
00146.png,cat
00147.png,cat
00148.png,cat
00149.png,cat
00150.png,cat
00151.png,cat
00152.png,cat
00153.png,cat
00154.png,cat
00155.png,cat
00156.png,cat
00157.png,cat
00158.png,cat
00159.png,cat
00160.png,cat
00161.png,cat
00162.png,cat
00163.png,cat
00164.png,cat
00165.png,cat
00166.png,cat
00167.png,cat
00168.png,cat
00169.png,cat
00170.png,cat
00171.png,cat
00172.png,cat
00173.png,cat
00174.png,cat
00175.png,cat
00176.png,cat
00177.png,cat
00178.png,cat
00179.png,cat
00180.png,cat
00181.png,cat
00182.png,cat
00183.png,cat
00184.png,cat
00185.png,cat
00186.png,cat
00187.png,cat
00188.png,cat
00189.png,cat
00190.png,cat
00191.png,cat
00192.png,cat
00193.png,cat
00194.png,cat
00195.png,cat
00196.png,cat
00197.png,cat
00198.png,cat
00199.png,cat
00200.png,cat
00201.png,cat
00202.png,cat
00203.png,cat
00204.png,cat
00205.png,cat
00206.png,cat
00207.png,cat
00208.png,cat
00209.png,cat
00210.png,cat
00211.png,cat
00212.png,cat
00213.png,cat
00214.png,cat
00215.png,cat
00216.png,cat
00217.png,cat
00218.png,cat
00219.png,cat
00220.png,cat
00221.png,cat
00222.png,cat
00223.png,cat
00224.png,cat
00225.png,cat
00226.png,cat
00227.png,cat
00228.png,cat
00229.png,cat
00230.png,cat
00231.png,cat
00232.png,cat
00233.png,cat
00234.png,cat
00235.png,cat
00236.png,cat
00237.png,cat
00238.png,cat
00239.png,cat
00240.png,cat
00241.png,cat
00242.png,cat
00243.png,cat
00244.png,cat
00245.png,cat
00246.png,cat
00247.png,cat
00248.png,cat
00249.png,cat
00250.png,cat
00251.png,cat
00252.png,cat
00253.png,cat
00254.png,cat
00255.png,cat
00256.png,cat
00257.png,cat
00258.png,cat
00259.png,cat
00260.png,cat
00261.png,cat
00262.png,cat
00263.png,cat
00264.png,cat
00265.png,cat
00266.png,cat
00267.png,cat
00268.png,cat
00269.png,cat
00270.png,cat
00271.png,cat
00272.png,cat
00273.png,cat
00274.png,cat
00275.png,cat
00276.png,cat
00277.png,cat
00278.png,cat
00279.png,cat
00280.png,cat
00281.png,cat
00282.png,cat
00283.png,cat
00284.png,cat
00285.png,cat
00286.png,cat
00287.png,cat
00288.png,cat
00289.png,cat
00290.png,cat
00291.png,cat
00292.png,cat
00293.png,cat
00294.png,cat
00295.png,cat
00296.png,cat
00297.png,cat
00298.png,cat
00299.png,cat
00300.png,cat
00301.png,cat
00302.png,cat
00303.png,cat
00304.png,cat
00305.png,cat
00306.png,cat
00307.png,cat
00308.png,cat
00309.png,cat
00310.png,cat
00311.png,cat
00312.png,cat
00313.png,cat
00314.png,cat
00315.png,cat
00316.png,cat
00317.png,cat
00318.png,cat
00319.png,cat
00320.png,cat
00321.png,cat
00322.png,cat
00323.png,cat
00324.png,cat
00325.png,cat
00326.png,cat
00327.png,cat
00328.png,cat
00329.png,cat
00330.png,cat
00331.png,cat
00332.png,cat
00333.png,cat
00334.png,cat
00335.png,cat
00336.png,cat
00337.png,cat
00338.png,cat
00339.png,cat
00340.png,cat
00341.png,cat
00342.png,cat
00343.png,cat
00344.png,cat
00345.png,cat
00346.png,cat
00347.png,cat
00348.png,cat
00349.png,cat
00350.png,cat
00351.png,cat
00352.png,cat
00353.png,cat
00354.png,cat
00355.png,cat
00356.png,cat
00357.png,cat
00358.png,cat
00359.png,cat
00360.png,cat
00361.png,cat
00362.png,cat
00363.png,cat
00364.png,cat
00365.png,cat
00366.png,cat
00367.png,cat
00368.png,cat
00369.png,cat
00370.png,cat
00371.png,cat
00372.png,cat
00373.png,cat
00374.png,cat
00375.png,cat
00376.png,cat
00377.png,cat
00378.png,cat
00379.png,cat
00380.png,cat
00381.png,cat
00382.png,cat
00383.png,cat
00384.png,cat
00385.png,cat
00386.png,cat
00387.png,cat
00388.png,cat
00389.png,cat
00390.png,cat
00391.png,cat
00392.png,cat
00393.png,cat
00394.png,cat
00395.png,cat
00396.png,cat
00397.png,cat
00398.png,cat
00399.png,cat
00400.png,cat
00401.png,cat
00402.png,cat
00403.png,cat
00404.png,cat
00405.png,cat
00406.png,cat
00407.png,cat
00408.png,cat
00409.png,cat
00410.png,cat
00411.png,cat
00412.png,cat
00413.png,cat
00414.png,cat
00415.png,cat
00416.png,cat
00417.png,cat
00418.png,cat
00419.png,cat
00420.png,cat
00421.png,cat
00422.png,cat
00423.png,cat
00424.png,cat
00425.png,cat
00426.png,cat
00427.png,cat
00428.png,cat
00429.png,cat
00430.png,cat
00431.png,cat
00432.png,cat
00433.png,cat
00434.png,cat
00435.png,cat
00436.png,cat
00437.png,cat
00438.png,cat
00439.png,cat
00440.png,cat
00441.png,cat
00442.png,cat
00443.png,cat
00444.png,cat
00445.png,cat
00446.png,cat
00447.png,cat
00448.png,cat
00449.png,cat
00450.png,cat
00451.png,cat
00452.png,cat
00453.png,cat
00454.png,cat
00455.png,cat
00456.png,cat
00457.png,cat
00458.png,cat
00459.png,cat
00460.png,cat
00461.png,cat
00462.png,cat
00463.png,cat
00464.png,cat
00465.png,cat
00466.png,cat
00467.png,cat
00468.png,cat
00469.png,cat
00470.png,cat
00471.png,cat
00472.png,cat
00473.png,cat
00474.png,cat
00475.png,cat
00476.png,cat
00477.png,cat
00478.png,cat
00479.png,cat
00480.png,cat
00481.png,cat
00482.png,cat
00483.png,cat
00484.png,cat
00485.png,cat
00486.png,cat
00487.png,cat
00488.png,cat
00489.png,cat
00490.png,cat
00491.png,cat
00492.png,cat
00493.png,cat
00494.png,cat
00495.png,cat
00496.png,cat
00497.png,cat
00498.png,cat
00499.png,cat
00500.png,cat
00501.png,cat
00502.png,cat
00503.png,cat
00504.png,cat
00505.png,cat
00506.png,cat
00507.png,cat
00508.png,cat
00509.png,cat
00510.png,cat
00511.png,cat
00512.png,cat
00513.png,cat
00514.png,cat
00515.png,cat
00516.png,cat
00517.png,cat
00518.png,cat
00519.png,cat
00520.png,cat
00521.png,cat
00522.png,cat
00523.png,cat
00524.png,cat
00525.png,cat
00526.png,cat
00527.png,cat
00528.png,cat
00529.png,cat
00530.png,cat
00531.png,cat
00532.png,cat
00533.png,cat
00534.png,cat
00535.png,cat
00536.png,cat
00537.png,cat
00538.png,cat
00539.png,cat
00540.png,cat
00541.png,cat
00542.png,cat
00543.png,cat
00544.png,cat
00545.png,cat
00546.png,cat
00547.png,cat
00548.png,cat
00549.png,cat
00550.png,cat
00551.png,cat
00552.png,cat
00553.png,cat
00554.png,cat
00555.png,cat
00556.png,cat
00557.png,cat
00558.png,cat
00559.png,cat
00560.png,cat
00561.png,cat
00562.png,cat
00563.png,cat
00564.png,cat
00565.png,cat
00566.png,cat
00567.png,cat
00568.png,cat
00569.png,cat
00570.png,cat
00571.png,cat
00572.png,cat
00573.png,cat
00574.png,cat
00575.png,cat
00576.png,cat
00577.png,cat
00578.png,cat
00579.png,cat
00580.png,cat
00581.png,cat
00582.png,cat
00583.png,cat
00584.png,cat
00585.png,cat
00586.png,cat
00587.png,cat
00588.png,cat
00589.png,cat
00590.png,cat
00591.png,cat
00592.png,cat
00593.png,cat
00594.png,cat
00595.png,cat
00596.png,cat
00597.png,cat
00598.png,cat
00599.png,cat
00600.png,cat
00601.png,cat
00602.png,cat
00603.png,cat
00604.png,cat
00605.png,cat
00606.png,cat
00607.png,cat
00608.png,cat
00609.png,cat
00610.png,cat
00611.png,cat
00612.png,cat
00613.png,cat
00614.png,cat
00615.png,cat
00616.png,cat
00617.png,cat
00618.png,cat
00619.png,cat
00620.png,cat
00621.png,cat
00622.png,cat
00623.png,cat
00624.png,cat
00625.png,cat
00626.png,cat
00627.png,cat
00628.png,cat
00629.png,cat
00630.png,cat
00631.png,cat
00632.png,cat
00633.png,cat
00634.png,cat
00635.png,cat
00636.png,cat
00637.png,cat
00638.png,cat
00639.png,cat
00640.png,cat
00641.png,cat
00642.png,cat
00643.png,cat
00644.png,cat
00645.png,cat
00646.png,cat
00647.png,cat
00648.png,cat
00649.png,cat
00650.png,cat
00651.png,cat
00652.png,cat
00653.png,cat
00654.png,cat
00655.png,cat
00656.png,cat
00657.png,cat
00658.png,cat
00659.png,cat
00660.png,cat
00661.png,cat
00662.png,cat
00663.png,cat
00664.png,cat
00665.png,cat
00666.png,cat
00667.png,cat
00668.png,cat
00669.png,cat
00670.png,cat
00671.png,cat
00672.png,cat
00673.png,cat
00674.png,cat
00675.png,cat
00676.png,cat
00677.png,cat
00678.png,cat
00679.png,cat
00680.png,cat
00681.png,cat
00682.png,cat
00683.png,cat
00684.png,cat
00685.png,cat
00686.png,cat
00687.png,cat
00688.png,cat
00689.png,cat
00690.png,cat
00691.png,cat
00692.png,cat
00693.png,cat
00694.png,cat
00695.png,cat
00696.png,cat
00697.png,cat
00698.png,cat
00699.png,cat
00700.png,cat
00701.png,cat
00702.png,cat
00703.png,cat
00704.png,cat
00705.png,cat
00706.png,cat
00707.png,cat
00708.png,cat
00709.png,cat
00710.png,cat
00711.png,cat
00712.png,cat
00713.png,cat
00714.png,cat
00715.png,cat
00716.png,cat
00717.png,cat
00718.png,cat
00719.png,cat
00720.png,cat
00721.png,cat
00722.png,cat
00723.png,cat
00724.png,cat
00725.png,cat
00726.png,cat
00727.png,cat
00728.png,cat
00729.png,cat
00730.png,cat
00731.png,cat
00732.png,cat
00733.png,cat
00734.png,cat
00735.png,cat
00736.png,cat
00737.png,cat
00738.png,cat
00739.png,cat
00740.png,cat
00741.png,cat
00742.png,cat
00743.png,cat
00744.png,cat
00745.png,cat
00746.png,cat
00747.png,cat
00748.png,cat
00749.png,cat
00750.png,cat
00751.png,cat
00752.png,cat
00753.png,cat
00754.png,cat
00755.png,cat
00756.png,cat
00757.png,cat
00758.png,cat
00759.png,cat
00760.png,cat
00761.png,cat
00762.png,cat
00763.png,cat
00764.png,cat
00765.png,cat
00766.png,cat
00767.png,cat
00768.png,cat
00769.png,cat
00770.png,cat
00771.png,cat
00772.png,cat
00773.png,cat
00774.png,cat
00775.png,cat
00776.png,cat
00777.png,cat
00778.png,cat
00779.png,cat
00780.png,cat
00781.png,cat
00782.png,cat
00783.png,cat
00784.png,cat
00785.png,cat
00786.png,cat
00787.png,cat
00788.png,cat
00789.png,cat
00790.png,cat
00791.png,cat
00792.png,cat
00793.png,cat
00794.png,cat
00795.png,cat
00796.png,cat
00797.png,cat
00798.png,cat
00799.png,cat
00800.png,cat
00801.png,cat
00802.png,cat
00803.png,cat
00804.png,cat
00805.png,cat
00806.png,cat
00807.png,cat
00808.png,cat
00809.png,cat
00810.png,cat
00811.png,cat
00812.png,cat
00813.png,cat
00814.png,cat
00815.png,cat
00816.png,cat
00817.png,cat
00818.png,cat
00819.png,cat
00820.png,cat
00821.png,cat
00822.png,cat
00823.png,cat
00824.png,cat
00825.png,cat
00826.png,cat
00827.png,cat
00828.png,cat
00829.png,cat
00830.png,cat
00831.png,cat
00832.png,cat
00833.png,cat
00834.png,cat
00835.png,cat
00836.png,cat
00837.png,cat
00838.png,cat
00839.png,cat
00840.png,cat
00841.png,cat
00842.png,cat
00843.png,cat
00844.png,cat
00845.png,cat
00846.png,cat
00847.png,cat
00848.png,cat
00849.png,cat
00850.png,cat
00851.png,cat
00852.png,cat
00853.png,cat
00854.png,cat
00855.png,cat
00856.png,cat
00857.png,cat
00858.png,cat
00859.png,cat
00860.png,cat
00861.png,cat
00862.png,cat
00863.png,cat
00864.png,cat
00865.png,cat
00866.png,cat
00867.png,cat
00868.png,cat
00869.png,cat
00870.png,cat
00871.png,cat
00872.png,cat
00873.png,cat
00874.png,cat
00875.png,cat
00876.png,cat
00877.png,cat
00878.png,cat
00879.png,cat
00880.png,cat
00881.png,cat
00882.png,cat
00883.png,cat
00884.png,cat
00885.png,cat
00886.png,cat
00887.png,cat
00888.png,cat
00889.png,cat
00890.png,cat
00891.png,cat
00892.png,cat
00893.png,cat
00894.png,cat
00895.png,cat
00896.png,cat
00897.png,cat
00898.png,cat
00899.png,cat
00900.png,cat
00901.png,cat
00902.png,cat
00903.png,cat
00904.png,cat
00905.png,cat
00906.png,cat
00907.png,cat
00908.png,cat
00909.png,cat
00910.png,cat
00911.png,cat
00912.png,cat
00913.png,cat
00914.png,cat
00915.png,cat
00916.png,cat
00917.png,cat
00918.png,cat
00919.png,cat
00920.png,cat
00921.png,cat
00922.png,cat
00923.png,cat
00924.png,cat
00925.png,cat
00926.png,cat
00927.png,cat
00928.png,cat
00929.png,cat
00930.png,cat
00931.png,cat
00932.png,cat
00933.png,cat
00934.png,cat
00935.png,cat
00936.png,cat
00937.png,cat
00938.png,cat
00939.png,cat
00940.png,cat
00941.png,cat
00942.png,cat
00943.png,cat
00944.png,cat
00945.png,cat
00946.png,cat
00947.png,cat
00948.png,cat
00949.png,cat
00950.png,cat
00951.png,cat
00952.png,cat
00953.png,cat
00954.png,cat
00955.png,cat
00956.png,cat
00957.png,cat
00958.png,cat
00959.png,cat
00960.png,cat
00961.png,cat
00962.png,cat
00963.png,cat
00964.png,cat
00965.png,cat
00966.png,cat
00967.png,cat
00968.png,cat
00969.png,cat
00970.png,cat
00971.png,cat
00972.png,cat
00973.png,cat
00974.png,cat
00975.png,cat
00976.png,cat
00977.png,cat
00978.png,cat
00979.png,cat
00980.png,cat
00981.png,cat
00982.png,cat
00983.png,cat
00984.png,cat
00985.png,cat
00986.png,cat
00987.png,cat
00988.png,cat
00989.png,cat
00990.png,cat
00991.png,cat
00992.png,cat
00993.png,cat
00994.png,cat
00995.png,cat
00996.png,cat
00997.png,cat
00998.png,cat
00999.png,cat
01000.png,cat
01001.png,cat
01002.png,cat
01003.png,cat
01004.png,cat
01005.png,cat
01006.png,cat
01007.png,cat
01008.png,cat
01009.png,cat
01010.png,cat
01011.png,cat
01012.png,cat
01013.png,cat
01014.png,cat
01015.png,cat
01016.png,cat
01017.png,cat
01018.png,cat
01019.png,cat
01020.png,cat
01021.png,cat
01022.png,cat
01023.png,cat
01024.png,cat
01025.png,cat
01026.png,cat
01027.png,cat
01028.png,cat
01029.png,cat
01030.png,cat
01031.png,cat
01032.png,cat
01033.png,cat
01034.png,cat
01035.png,cat
01036.png,cat
01037.png,cat
01038.png,cat
01039.png,cat
01040.png,cat
01041.png,cat
01042.png,cat
01043.png,cat
01044.png,cat
01045.png,cat
01046.png,cat
01047.png,cat
01048.png,cat
01049.png,cat
01050.png,cat
01051.png,cat
01052.png,cat
01053.png,cat
01054.png,cat
01055.png,cat
01056.png,cat
01057.png,cat
01058.png,cat
01059.png,cat
01060.png,cat
01061.png,cat
01062.png,cat
01063.png,cat
01064.png,cat
01065.png,cat
01066.png,cat
01067.png,cat
01068.png,cat
01069.png,cat
01070.png,cat
01071.png,cat
01072.png,cat
01073.png,cat
01074.png,cat
01075.png,cat
01076.png,cat
01077.png,cat
01078.png,cat
01079.png,cat
01080.png,cat
01081.png,cat
01082.png,cat
01083.png,cat
01084.png,cat
01085.png,cat
01086.png,cat
01087.png,cat
01088.png,cat
01089.png,cat
01090.png,cat
01091.png,cat
01092.png,cat
01093.png,cat
01094.png,cat
01095.png,cat
01096.png,cat
01097.png,cat
01098.png,cat
01099.png,cat
01100.png,cat
01101.png,cat
01102.png,cat
01103.png,cat
01104.png,cat
01105.png,cat
01106.png,cat
01107.png,cat
01108.png,cat
01109.png,cat
01110.png,cat
01111.png,cat
01112.png,cat
01113.png,cat
01114.png,cat
01115.png,cat
01116.png,cat
01117.png,cat
01118.png,cat
01119.png,cat
01120.png,cat
01121.png,cat
01122.png,cat
01123.png,cat
01124.png,cat
01125.png,cat
01126.png,cat
01127.png,cat
01128.png,cat
01129.png,cat
01130.png,cat
01131.png,cat
01132.png,cat
01133.png,cat
01134.png,cat
01135.png,cat
01136.png,cat
01137.png,cat
01138.png,cat
01139.png,cat
01140.png,cat
01141.png,cat
01142.png,cat
01143.png,cat
01144.png,cat
01145.png,cat
01146.png,cat
01147.png,cat
01148.png,cat
01149.png,cat
01150.png,cat
01151.png,cat
01152.png,cat
01153.png,cat
01154.png,cat
01155.png,cat
01156.png,cat
01157.png,cat
01158.png,cat
01159.png,cat
01160.png,cat
01161.png,cat
01162.png,cat
01163.png,cat
01164.png,cat
01165.png,cat
01166.png,cat
01167.png,cat
01168.png,cat
01169.png,cat
01170.png,cat
01171.png,cat
01172.png,cat
01173.png,cat
01174.png,cat
01175.png,cat
01176.png,cat
01177.png,cat
01178.png,cat
01179.png,cat
01180.png,cat
01181.png,cat
01182.png,cat
01183.png,cat
01184.png,cat
01185.png,cat
01186.png,cat
01187.png,cat
01188.png,cat
01189.png,cat
01190.png,cat
01191.png,cat
01192.png,cat
01193.png,cat
01194.png,cat
01195.png,cat
01196.png,cat
01197.png,cat
01198.png,cat
01199.png,cat
01200.png,cat
01201.png,cat
01202.png,cat
01203.png,cat
01204.png,cat
01205.png,cat
01206.png,cat
01207.png,cat
01208.png,cat
01209.png,cat
01210.png,cat
01211.png,cat
01212.png,cat
01213.png,cat
01214.png,cat
01215.png,cat
01216.png,cat
01217.png,cat
01218.png,cat
01219.png,cat
01220.png,cat
01221.png,cat
01222.png,cat
01223.png,cat
01224.png,cat
01225.png,cat
01226.png,cat
01227.png,cat
01228.png,cat
01229.png,cat
01230.png,cat
01231.png,cat
01232.png,cat
01233.png,cat
01234.png,cat
01235.png,cat
01236.png,cat
01237.png,cat
01238.png,cat
01239.png,cat
01240.png,cat
01241.png,cat
01242.png,cat
01243.png,cat
01244.png,cat
01245.png,cat
01246.png,cat
01247.png,cat
01248.png,cat
01249.png,cat
01250.png,cat
01251.png,cat
01252.png,cat
01253.png,cat
01254.png,cat
01255.png,cat
01256.png,cat
01257.png,cat
01258.png,cat
01259.png,cat
01260.png,cat
01261.png,cat
01262.png,cat
01263.png,cat
01264.png,cat
01265.png,cat
01266.png,cat
01267.png,cat
01268.png,cat
01269.png,cat
01270.png,cat
01271.png,cat
01272.png,cat
01273.png,cat
01274.png,cat
01275.png,cat
01276.png,cat
01277.png,cat
01278.png,cat
01279.png,cat
01280.png,cat
01281.png,cat
01282.png,cat
01283.png,cat
01284.png,cat
01285.png,cat
01286.png,cat
01287.png,cat
01288.png,cat
01289.png,cat
01290.png,cat
01291.png,cat
01292.png,cat
01293.png,cat
01294.png,cat
01295.png,cat
01296.png,cat
01297.png,cat
01298.png,cat
01299.png,cat
01300.png,cat
01301.png,cat
01302.png,cat
01303.png,cat
01304.png,cat
01305.png,cat
01306.png,cat
01307.png,cat
01308.png,cat
01309.png,cat
01310.png,cat
01311.png,cat
01312.png,cat
01313.png,cat
01314.png,cat
01315.png,cat
01316.png,cat
01317.png,cat
01318.png,cat
01319.png,cat
01320.png,cat
01321.png,cat
01322.png,cat
01323.png,cat
01324.png,cat
01325.png,cat
01326.png,cat
01327.png,cat
01328.png,cat
01329.png,cat
01330.png,cat
01331.png,cat
01332.png,cat
01333.png,cat
01334.png,cat
01335.png,cat
01336.png,cat
01337.png,cat
01338.png,cat
01339.png,cat
01340.png,cat
01341.png,cat
01342.png,cat
01343.png,cat
01344.png,cat
01345.png,cat
01346.png,cat
01347.png,cat
01348.png,cat
01349.png,cat
01350.png,cat
01351.png,cat
01352.png,cat
01353.png,cat
01354.png,cat
01355.png,cat
01356.png,cat
01357.png,cat
01358.png,cat
01359.png,cat
01360.png,cat
01361.png,cat
01362.png,cat
01363.png,cat
01364.png,cat
01365.png,cat
01366.png,cat
01367.png,cat
01368.png,cat
01369.png,cat
01370.png,cat
01371.png,cat
01372.png,cat
01373.png,cat
01374.png,cat
01375.png,cat
01376.png,cat
01377.png,cat
01378.png,cat
01379.png,cat
01380.png,cat
01381.png,cat
01382.png,cat
01383.png,cat
01384.png,cat
01385.png,cat
01386.png,cat
01387.png,cat
01388.png,cat
01389.png,cat
01390.png,cat
01391.png,cat
01392.png,cat
01393.png,cat
01394.png,cat
01395.png,cat
01396.png,cat
01397.png,cat
01398.png,cat
01399.png,cat
01400.png,cat
01401.png,cat
01402.png,cat
01403.png,cat
01404.png,cat
01405.png,cat
01406.png,cat
01407.png,cat
01408.png,cat
01409.png,cat
01410.png,cat
01411.png,cat
01412.png,cat
01413.png,cat
01414.png,cat
01415.png,cat
01416.png,cat
01417.png,cat
01418.png,cat
01419.png,cat
01420.png,cat
01421.png,cat
01422.png,cat
01423.png,cat
01424.png,cat
01425.png,cat
01426.png,cat
01427.png,cat
01428.png,cat
01429.png,cat
01430.png,cat
01431.png,cat
01432.png,cat
01433.png,cat
01434.png,cat
01435.png,cat
01436.png,cat
01437.png,cat
01438.png,cat
01439.png,cat
01440.png,cat
01441.png,cat
01442.png,cat
01443.png,cat
01444.png,cat
01445.png,cat
01446.png,cat
01447.png,cat
01448.png,cat
01449.png,cat
01450.png,cat
01451.png,cat
01452.png,cat
01453.png,cat
01454.png,cat
01455.png,cat
01456.png,cat
01457.png,cat
01458.png,cat
01459.png,cat
01460.png,cat
01461.png,cat
01462.png,cat
01463.png,cat
01464.png,cat
01465.png,cat
01466.png,cat
01467.png,cat
01468.png,cat
01469.png,cat
01470.png,cat
01471.png,cat
01472.png,cat
01473.png,cat
01474.png,cat
01475.png,cat
01476.png,cat
01477.png,cat
01478.png,cat
01479.png,cat
01480.png,cat
01481.png,cat
01482.png,cat
01483.png,cat
01484.png,cat
01485.png,cat
01486.png,cat
01487.png,cat
01488.png,cat
01489.png,cat
01490.png,cat
01491.png,cat
01492.png,cat
01493.png,cat
01494.png,cat
01495.png,cat
01496.png,cat
01497.png,cat
01498.png,cat
01499.png,cat
01500.png,cat
01501.png,cat
01502.png,cat
01503.png,cat
01504.png,cat
01505.png,cat
01506.png,cat
01507.png,cat
01508.png,cat
01509.png,cat
01510.png,cat
01511.png,cat
01512.png,cat
01513.png,cat
01514.png,cat
01515.png,cat
01516.png,cat
01517.png,cat
01518.png,cat
01519.png,cat
01520.png,cat
01521.png,cat
01522.png,cat
01523.png,cat
01524.png,cat
01525.png,cat
01526.png,cat
01527.png,cat
01528.png,cat
01529.png,cat
01530.png,cat
01531.png,cat
01532.png,cat
01533.png,cat
01534.png,cat
01535.png,cat
01536.png,cat
01537.png,cat
01538.png,cat
01539.png,cat
01540.png,cat
01541.png,cat
01542.png,cat
01543.png,cat
01544.png,cat
01545.png,cat
01546.png,cat
01547.png,cat
01548.png,cat
01549.png,cat
01550.png,cat
01551.png,cat
01552.png,cat
01553.png,cat
01554.png,cat
01555.png,cat
01556.png,cat
01557.png,cat
01558.png,cat
01559.png,cat
01560.png,cat
01561.png,cat
01562.png,cat
01563.png,cat
01564.png,cat
01565.png,cat
01566.png,cat
01567.png,cat
01568.png,cat
01569.png,cat
01570.png,cat
01571.png,cat
01572.png,cat
01573.png,cat
01574.png,cat
01575.png,cat
01576.png,cat
01577.png,cat
01578.png,cat
01579.png,cat
01580.png,cat
01581.png,cat
01582.png,cat
01583.png,cat
01584.png,cat
01585.png,cat
01586.png,cat
01587.png,cat
01588.png,cat
01589.png,cat
01590.png,cat
01591.png,cat
01592.png,cat
01593.png,cat
01594.png,cat
01595.png,cat
01596.png,cat
01597.png,cat
01598.png,cat
01599.png,cat
01600.png,cat
01601.png,cat
01602.png,cat
01603.png,cat
01604.png,cat
01605.png,cat
01606.png,cat
01607.png,cat
01608.png,cat
01609.png,cat
01610.png,cat
01611.png,cat
01612.png,cat
01613.png,cat
01614.png,cat
01615.png,cat
01616.png,cat
01617.png,cat
01618.png,cat
01619.png,cat
01620.png,cat
01621.png,cat
01622.png,cat
01623.png,cat
01624.png,cat
01625.png,cat
01626.png,cat
01627.png,cat
01628.png,cat
01629.png,cat
01630.png,cat
01631.png,cat
01632.png,cat
01633.png,cat
01634.png,cat
01635.png,cat
01636.png,cat
01637.png,cat
01638.png,cat
01639.png,cat
01640.png,cat
01641.png,cat
01642.png,cat
01643.png,cat
01644.png,cat
01645.png,cat
01646.png,cat
01647.png,cat
01648.png,cat
01649.png,cat
01650.png,cat
01651.png,cat
01652.png,cat
01653.png,cat
01654.png,cat
01655.png,cat
01656.png,cat
01657.png,cat
01658.png,cat
01659.png,cat
01660.png,cat
01661.png,cat
01662.png,cat
01663.png,cat
01664.png,cat
01665.png,cat
01666.png,cat
01667.png,cat
01668.png,cat
01669.png,cat
01670.png,cat
01671.png,cat
01672.png,cat
01673.png,cat
01674.png,cat
01675.png,cat
01676.png,cat
01677.png,cat
01678.png,cat
01679.png,cat
01680.png,cat
01681.png,cat
01682.png,cat
01683.png,cat
01684.png,cat
01685.png,cat
01686.png,cat
01687.png,cat
01688.png,cat
01689.png,cat
01690.png,cat
01691.png,cat
01692.png,cat
01693.png,cat
01694.png,cat
01695.png,cat
01696.png,cat
01697.png,cat
01698.png,cat
01699.png,cat
01700.png,cat
01701.png,cat
01702.png,cat
01703.png,cat
01704.png,cat
01705.png,cat
01706.png,cat
01707.png,cat
01708.png,cat
01709.png,cat
01710.png,cat
01711.png,cat
01712.png,cat
01713.png,cat
01714.png,cat
01715.png,cat
01716.png,cat
01717.png,cat
01718.png,cat
01719.png,cat
01720.png,cat
01721.png,cat
01722.png,cat
01723.png,cat
01724.png,cat
01725.png,cat
01726.png,cat
01727.png,cat
01728.png,cat
01729.png,cat
01730.png,cat
01731.png,cat
01732.png,cat
01733.png,cat
01734.png,cat
01735.png,cat
01736.png,cat
01737.png,cat
01738.png,cat
01739.png,cat
01740.png,cat
01741.png,cat
01742.png,cat
01743.png,cat
01744.png,cat
01745.png,cat
01746.png,cat
01747.png,cat
01748.png,cat
01749.png,cat
01750.png,cat
01751.png,cat
01752.png,cat
01753.png,cat
01754.png,cat
01755.png,cat
01756.png,cat
01757.png,cat
01758.png,cat
01759.png,cat
01760.png,cat
01761.png,cat
01762.png,cat
01763.png,cat
01764.png,cat
01765.png,cat
01766.png,cat
01767.png,cat
01768.png,cat
01769.png,cat
01770.png,cat
01771.png,cat
01772.png,cat
01773.png,cat
01774.png,cat
01775.png,cat
01776.png,cat
01777.png,cat
01778.png,cat
01779.png,cat
01780.png,cat
01781.png,cat
01782.png,cat
01783.png,cat
01784.png,cat
01785.png,cat
01786.png,cat
01787.png,cat
01788.png,cat
01789.png,cat
01790.png,cat
01791.png,cat
01792.png,cat
01793.png,cat
01794.png,cat
01795.png,cat
01796.png,cat
01797.png,cat
01798.png,cat
01799.png,cat
01800.png,cat
01801.png,cat
01802.png,cat
01803.png,cat
01804.png,cat
01805.png,cat
01806.png,cat
01807.png,cat
01808.png,cat
01809.png,cat
01810.png,cat
01811.png,cat
01812.png,cat
01813.png,cat
01814.png,cat
01815.png,cat
01816.png,cat
01817.png,cat
01818.png,cat
01819.png,cat
01820.png,cat
01821.png,cat
01822.png,cat
01823.png,cat
01824.png,cat
01825.png,cat
01826.png,cat
01827.png,cat
01828.png,cat
01829.png,cat
01830.png,cat
01831.png,cat
01832.png,cat
01833.png,cat
01834.png,cat
01835.png,cat
01836.png,cat
01837.png,cat
01838.png,cat
01839.png,cat
01840.png,cat
01841.png,cat
01842.png,cat
01843.png,cat
01844.png,cat
01845.png,cat
01846.png,cat
01847.png,cat
01848.png,cat
01849.png,cat
01850.png,cat
01851.png,cat
01852.png,cat
01853.png,cat
01854.png,cat
01855.png,cat
01856.png,cat
01857.png,cat
01858.png,cat
01859.png,cat
01860.png,cat
01861.png,cat
01862.png,cat
01863.png,cat
01864.png,cat
01865.png,cat
01866.png,cat
01867.png,cat
01868.png,cat
01869.png,cat
01870.png,cat
01871.png,cat
01872.png,cat
01873.png,cat
01874.png,cat
01875.png,cat
01876.png,cat
01877.png,cat
01878.png,cat
01879.png,cat
01880.png,cat
01881.png,cat
01882.png,cat
01883.png,cat
01884.png,cat
01885.png,cat
01886.png,cat
01887.png,cat
01888.png,cat
01889.png,cat
01890.png,cat
01891.png,cat
01892.png,cat
01893.png,cat
01894.png,cat
01895.png,cat
01896.png,cat
01897.png,cat
01898.png,cat
01899.png,cat
01900.png,cat
01901.png,cat
01902.png,cat
01903.png,cat
01904.png,cat
01905.png,cat
01906.png,cat
01907.png,cat
01908.png,cat
01909.png,cat
01910.png,cat
01911.png,cat
01912.png,cat
01913.png,cat
01914.png,cat
01915.png,cat
01916.png,cat
01917.png,cat
01918.png,cat
01919.png,cat
01920.png,cat
01921.png,cat
01922.png,cat
01923.png,cat
01924.png,cat
01925.png,cat
01926.png,cat
01927.png,cat
01928.png,cat
01929.png,cat
01930.png,cat
01931.png,cat
01932.png,cat
01933.png,cat
01934.png,cat
01935.png,cat
01936.png,cat
01937.png,cat
01938.png,cat
01939.png,cat
01940.png,cat
01941.png,cat
01942.png,cat
01943.png,cat
01944.png,cat
01945.png,cat
01946.png,cat
01947.png,cat
01948.png,cat
01949.png,cat
01950.png,cat
01951.png,cat
01952.png,cat
01953.png,cat
01954.png,cat
01955.png,cat
01956.png,cat
01957.png,cat
01958.png,cat
01959.png,cat
01960.png,cat
01961.png,cat
01962.png,cat
01963.png,cat
01964.png,cat
01965.png,cat
01966.png,cat
01967.png,cat
01968.png,cat
01969.png,cat
01970.png,cat
01971.png,cat
01972.png,cat
01973.png,cat
01974.png,cat
01975.png,cat
01976.png,cat
01977.png,cat
01978.png,cat
01979.png,cat
01980.png,cat
01981.png,cat
01982.png,cat
01983.png,cat
01984.png,cat
01985.png,cat
01986.png,cat
01987.png,cat
01988.png,cat
01989.png,cat
01990.png,cat
01991.png,cat
01992.png,cat
01993.png,cat
01994.png,cat
01995.png,cat
01996.png,cat
01997.png,cat
01998.png,cat
01999.png,cat
